Product , Deals 
Orient Electric Smartcool Dx CP2002H 20 Litres Air Cooler,32% off
Sanyo 80 cm (32 inches) XT-32S7000H HD Ready LED TV (Black),35% off
BPL 109 cm (43 inches) Vivid BPL109F2010J Full HD LED TV (Black),32% off
TCL 99.1 cm (39 inches) L39D2900 Full HD LED TV (Black),31% off
BPL 80 cm (32 inches) Stellar BPL080A36SHJ HD Ready LED Smart TV (Black),38% off
SanDisk Ultra Dual 32GB USB 3.0 OTG Pen Drive,38% off
Espoir Analogue Blue Dial Men's Watch- ESP12457,86% off
REDUX Analogue Black Dial Men's & Boy's Watch,83% off
SanDisk Ultra A1 16GB Class 10 Ultra microSD UHS-I Card with Adapter (SDSQUAR-016G-GN6MA),41% off
Solimo Premium Almonds  250g,33% off
SanDisk 64GB Class 10 microSDXC Memory Card with Adapter (SDSQUAR-064G-GN6MA),51% off
SanDisk Ultra Dual 16GB USB 3.0 OTG Pen Drive,45% off
Zebronics Igloo 2.0 Multimedia Speaker (Blue),60% off
Eveready Base B22 14W Pack of 2 + 9W LED Bulbs (Cool Day Light),51% off
Balenzia Premium Mercerised Cotton Loafer Socks with Anti-Slip Silicon - Pack of 3,40% off
Healthvit Apple Cider Vinegar 500ml - With Mother Vinegar,60% off
Esquire Spin Mop with 360┬░ Spin,29% off
WildHorn Genuine Leather Wallet 015,71% off
Timewear Analog Blue Dial Day and Date Watch for Men,82% off
Haier 195 L 4 Star Direct-Cool Single Door Refrigerator (HRD-1954BS-E/HED-20FDS Brushed Silver/Dazzle Steel),23% off
Logitech MK215 Wireless Keyboard and Mouse Combo,33% off
Keepers of the Kalachakra,50% off
Probiker Leather Motorcycle Gloves,33% off
Lipton Honey Lemon Green Tea Bags  100 Pieces,25% off
Le Gear LE-ASBLACK Arm Sleeves,21% off
Naturally Yours Flax Seed,27% off
Rich Club Pack Of 4 Multicolour Analog Analog Watch,82% off
Pantene Oil Replacement  180ml,40% off
Hornbull Mens Leather RFID Blocking Wallet (Brown),74% off
Bel Casa ROYAL Baskets for Storage Set of 4 Pieces,65% off
Timewear Analog Black Dial Day and Date Watch for Men,82% off
Ustraa Hair Wax for hair styling - 100gm,20% off
5" USB and Battery Powered Mini Portable Dual Blower Desk,50% off
Wipro Coral Rechargeable Emergency Light (Yellow),38% off
Addic Heritage & Charm Blue & Rose Gold Girls & Women's Watc,69% off
Mitashi 1.0 Ton 3 Star (2018) Split AC (Copper  FSA312K50  White),28% off
Redux Analogue Blue Dial Boys & Men's Watch-RWS0130S,81% off
