Product, Deal
ACs-Carrier   Hitachi  LG...,Extra ₹2 000 Off
Flipkart Smartbuy Fans,Flat 37% Off
Non-Fiction & Children Books,Min 30% + Extra 5%Off
Power Banks,From ₹499
Under ₹999+Extra 10% Off,Handbags & Jewellery
Mobile Back Covers,Under ₹499
Kids' Essential Wear,Under ₹499
Zen Feature Phones,Flat ₹100 Off
Bedsheets  Carpets & more,₹59-₹549
Inferno Pro Gaming Headset,Extra ₹100 off
Women's Footwear,Upto 70% Off
Mr.CL  Sparx & more,Under ₹999+Extra 10%
Wall Stickers,Under ₹99
Computer Accessories,From ₹99
Toys,Up to 70 + 10% Off
Kitchen Containers & Lunch Boxes,from ₹69
Earphones,Under ₹999
Car Air Fresheners,Extra 10% Off
Perfumes,Upto 60%+Extra 5% Off
Sparx,Upto 60+Extra 10% Off
Trimmers,From ₹ 299
Air Coolers,Upto 30%Off
Reach Feature Phones,Flat ₹100 Off
Shirts  T-Shirts & More,Min 40%+Extra10% Off
Skybags  Wildcraft  AT and more,Under ₹999+Extra5%Off
Tops  Dresses & more,Under Rs 699
Plant Seeds,Under ₹199
Door & Window Curtains,₹249-₹499
Reebok   Adidas & more,Upto 50+Extra 10% Off
Sarees & Dress Materials,Min 60% Off
Shirts  Trousers & More,40-80% Off
Timex  Provogue & more,Min. 40% +Extra5% Off
Bottles & Shakers,Extra 30% Off
